title,price,description,acreage,bathroom,bedroom,address,time
CÄƒn há»™ CÄƒn há»™ 3Dhouse 20mÂ² 1 PN,4000000,"Dá»± Ã¡n: CÄƒn há»™ 3Dhouse
ThÃ´ng tin chi tiáº¿t: Cho thuÃª phÃ²ng á»Ÿ kiá»ƒu cÄƒn há»™ Full ná»™i tháº¥t má»›i 100%.
- Äá»‹a chá»‰: 162 Phan TriÃªm (gáº§n cáº§u KhuÃª ÄÃ´ng, cÃ¢y xÄƒng Long BÃ¬nh, gáº§n sÃ¢n váº­n Ä‘á»™ng).
- CÄƒn 1 diá»‡n tÃ­ch 20m2: giÃ¡ thuÃª 4 triá»‡u/thÃ¡ng
- CÄƒn 2 diá»‡n tÃ­ch 24m2: giÃ¡ thuÃª 4,5 triá»‡u/thÃ¡ng
- CÄƒn 3 diá»‡n tÃ­ch 30m2: giÃ¡ thuÃª 5,5 triá»‡u/thÃ¡ng
ÄÃ¢y Ä‘á»§ tiá»‡n nghi, tiÃªu chuáº©n cá»§a 1 cÄƒn há»™ mini cao cáº¥p.
Quy mÃ´ 5 táº§ng, cÃ³ thang mÃ¡y, nhÃ  xe, nÆ°á»›c nÃ³ng láº¡nh, wifi, báº¿p náº¥u, ti vi, tá»§ lanh, giÆ°á»ng ná»‡m tiÃªu chuáº©n khÃ¡ch sáº¡n 5 sao. ***Thanh toÃ¡n: Cá»c 1 thÃ¡ng, thanh toÃ¡n tá»«ng thÃ¡ng. Thanh toÃ¡n 3 thÃ¡ng giáº£m 5%; thanh toÃ¡n 6 thÃ¡ng giáº£m 10%.",20,None,1,"162, ÄÆ°á»ng Phan TriÃªm, PhÆ°á»ng HÃ²a XuÃ¢n, Quáº­n Cáº©m Lá»‡, ÄÃ  Náºµng",2020-02-18
Cho thuÃª CÄƒn há»™ mini 1pn vÃ  2 pn,3500000,"cho thuÃª cÄƒn há»™ mini 1pn vÃ  2 pn Ä‘áº§y Ä‘á»§ tiá»‡n nghi táº¡i 97 lÃ½ Ä‘áº¡o thÃ nh, sÆ¡n trÃ , Ä‘Ã  náºµng
cÄƒn 1pn 20mÂ² giÃ¡ 3,5tr thÃ¡ng
cÄƒn 2pn, 1pk giÃ¡ 5tr/ thÃ¡ng",20,1,1,"97, ÄÆ°á»ng LÃ½ Äáº¡o ThÃ nh, PhÆ°á»ng An Háº£i Báº¯c, Quáº­n SÆ¡n TrÃ , ÄÃ  Náºµng",2020-02-18
CÄƒn Há»™ HÃ²a XuÃ¢n Cho ThuÃª 28m2 - Full Ná»™i Tháº¥t,4000000,"Cho ThuÃª CÄƒn Há»™ Full Ná»™i Tháº¥t - 28m2 - ÄÆ°á»ng Nguyá»…n PhÆ°á»›c Lan, HÃ²a XuÃ¢n, Cáº©m Lá»‡. |

ThÃ­ch Há»£p Cho Sinh ViÃªn ThuÃª, NhÃ¢n ViÃªn VÄƒn PhÃ²ng, Gia ÄÃ¬nh Tráº».

+ Ná»™i tháº¥t Ä‘áº§y Ä‘á»§ nhÆ° hÃ¬nh: GiÆ°á»ng, Bá»‡p, Tá»§ Láº¡nh, MÃ¡y Giáº·t, Tá»§ Quáº§n Ão,...
+ Cho Náº¥u Ä‚n Trong PhÃ²ng
+ Thiáº¿t bá»‹ vá»‡ sinh cao cáº¥p hiá»‡u TOTO (Nháº­t Báº£n)
+ Camera An Ninh 24/7 (Gáº¯n má»—i táº§ng)
+ Khu Vá»±c Sinh Hoáº¡t Chung, Rá»™ng 200m (Thuáº­n tiá»‡n cafe Ä‘á»c sÃ¡ch, má»Ÿ tiá»‡c cÃ¹ng báº¡n bÃ¨)
+ Khu vá»±c Ä‘á»ƒ xe riÃªng biá»‡t, Giá» giáº¥c tá»± do

GiÃ¡ Cho ThuÃª: 4,5 triá»‡u/ThÃ¡ng (Æ¯u TiÃªn HÄ LÃ¢u DÃ i TrÃªn 12 ThÃ¡ng, CÃ²n 4 Triá»‡u/ThÃ¡ng)

Xem NhÃ  LiÃªn Há»‡ TrÆ°á»›c, Xin Cáº£m Æ n",28,1,1,"ÄÆ°á»ng Nguyá»…n PhÆ°á»›c Lan, PhÆ°á»ng HÃ²a XuÃ¢n, Quáº­n Cáº©m Lá»‡, ÄÃ  Náºµng",2020-02-18
CÄƒn há»™ dáº¡ng studio,3500000,"gáº§n chá»£ mai
gáº§n biá»ƒn mÃ¢n thÃ¡i
gáº§n siÃªu thá»‹ Coopmart
cÃ¡ch sÃ´ng hÃ n 2km",25,None,1,"6, ÄÆ°á»ng BÃ¹i Quá»‘c HÆ°ng||19743, PhÆ°á»ng Thá» Quang, Quáº­n SÆ¡n TrÃ , ÄÃ  Náºµng",2020-02-18
"**Cho thuÃª cÄƒn há»™ cÃ³ view Ä‘áº¹p táº¡i Hiyori, DT 69m2*",28000000,"ğŸ”°Cho thuÃª cÄƒn gÃ³c sá»‘ 6 cÄƒn cÃ³ view Ä‘áº¹p táº¡i Hiyori view sÃ´ng HÃ n -táº§ng thÃ¬ cao gáº§n táº¡i Ä‘Ã¢y rá»“i.
ğŸ”œDt 69m2 cÄƒn gÃ³c Thiáº¿t káº¿ 2 p ngá»§ 2 wc 1 bá»“n táº¯m lá»›n
ğŸ”œFull ná»™i tháº¥t sang trá»ng Ä‘áº³ng cáº¥p táº¡i Ä‘Ã¢y luÃ´n
ğŸ”œTiá»‡n Ã­ch : gym- há»“ bÆ¡i- siÃªu thá»‹- cá»­a hÃ ng tiá»‡n Ã­ch- khu cv tráº» em- nhÃ  sinh hoáº¡t cá»™ng Ä‘á»“ng .
âŒGiÃ¡ thuÃª : há»£p Ä‘á»“ng dÃ i háº¡ng .
âVui LÃ²ng LiÃªn Há»‡ Mr Nam â",69,None,2,"ÄÆ°á»ng VÃµ VÄƒn Kiá»‡t, PhÆ°á»ng An Háº£i ÄÃ´ng, Quáº­n SÆ¡n TrÃ , ÄÃ  Náºµng",2020-02-18
Cho thuÃª cÄƒn há»™ 206 LÃ½ Tá»± Trá»ng,3500000,"Cho thuÃª cÄƒn há»™ Ä‘á»‹a chá»‰ 206 LÃ½ tá»± trá»ng
PhÃ²ng Ä‘á»§ cÃ¡c dáº¡ng phÃ²ng tá»« 20m2 Ä‘áº¿n 35m2
Äáº§y Ä‘á»§ ná»™i tháº¥t
GiÃ¡ 3,5tr Ä‘áº¿n 5tr/thÃ¡ng
LiÃªn há»‡ Ä‘á»ƒ xem phÃ²ng",25,1,1,"206 LÃ½ Tá»± trá»ng, PhÆ°á»ng BÃ¬nh Thuáº­n, Quáº­n Háº£i ChÃ¢u, ÄÃ  Náºµng",2020-02-18
//-CÄƒn há»™ cho thuÃª -Äg Phan ChÃ¢u Trinh- DT 30mÂ²***,6000000,"âœ… Cho ThuÃª CÃ¢n Há»™ ÄÆ°á»ng Phan ChÃ¢u Trinh trung tÃ¢m ThÃ nh phá»‘ cÃ¡ch cáº§u rá»“ng 300 m .
âœ…ÄÆ°á»£c Thiáº¿t káº¿ Sang trá»ng theo phong cÃ¡ch hiá»‡n Ä‘áº¡i thoÃ¡ng mÃ¡t . Äáº¡t chuáº©n cÃ¢n há»™ Ä‘á»ƒ váº­n hÃ nh . Ná»™i tháº¥t má»›i 100% .
â‡ï¸ThÃ´ng tin CÃ¢n Há»™ Gá»“m :

âœ…Loáº¡i 70 m2 Studio :full ná»™i tháº¥t luxury18 triá»‡u/1 cÃ¢n , 1 cÃ¢n 12 triá»‡u ná»™i tháº¥t vÃ­p .
âœ…Loáº¡i 40 m2 studio : 3 cÃ¢n 10 triá»‡u/thÃ¡ng full ná»™i tháº¥t vip .

âœ…Loáº¡i 40 m2 studio : 3 cÃ¢n giÃ¡ 8 triá»‡u/cÃ¢n full ná»™i thÃ¢t vÃ­p .

âœ…Loáº¡i 30 m2 studio : 3 cÃ¢n giÃ¡ 7 triá»‡u/cÃ¢n full ná»™i tháº¥t vip .

âœ… Loáº¡i 25 m2 studio : 5 cÃ¢n 6 triá»‡u/cÃ¢n full ná»™i tháº¥t vip .
Vui LÃ²ng LiÃªn Há»‡ Mr Nam",25,None,2,"ÄÆ°á»ng Phan ChÃ¢u Trinh, PhÆ°á»ng Nam DÆ°Æ¡ng, Quáº­n Háº£i ChÃ¢u, ÄÃ  Náºµng",2020-02-18
Cho thuÃª cÄƒn há»™ N vÄƒn linh 40m2/6tr/th.,6000000,"ğŸ Vá»‹ trÃ­: Gáº§n cáº§u rá»“ng, chá»£, bá»‡nh viá»‡n hoÃ n má»¹, trÆ°á»ng Ä‘áº¡i há»c Duy TÃ¢n, toÃ  nhÃ  vÄƒn phÃ²ng ThÃ nh Lá»£i.
ğŸ Ä/C: 16 Man Thiá»‡n, ÄÃ  Náºµng, Háº£i ChÃ¢u

ğŸ¬CÄƒn há»™ diá»‡n tÃ­ch 40m2 vá»›i 4 phÃ²ng trong cÄƒn há»™: 1 phÃ²ng ngá»§, 1 phÃ²ng khÃ¡ch, 1 phÃ²ng báº¿p, 1 toilet, cÃ³ 1 sÃ¢n phÆ¡i quáº§n Ã¡o, khu vá»±c Ä‘á»ƒ xe rá»™ng rÃ£i.

â¤ï¸â˜˜ï¸ğŸŒ· Trang thiáº¿t bá»‹ full ná»™i tháº¥t Ä‘áº§y Ä‘á»§:
-MÃ¡y giáº·t riÃªng
-Tivi.
-2 Ä‘iá»u hÃ²a ( phÃ²ng ngá»§ & phÃ²ng khÃ¡ch )
-BÃ¬nh nÃ³ng láº¡nh
-báº¿p tá»«
-mÃ¡y hÃºt mÃ¹i táº¡o khÃ´ng khÃ­ trong lÃ nh
-bÃ¬nh lá»c nÆ°á»›c
- lÃ² vi sÃ³ng.

âœ”ï¸âœ”ï¸âœ”ï¸ToÃ  nhÃ  trang bá»‹:
- thang mÃ¡y
- há»‡ thá»‘ng camera tá»«ng táº§ng
- lá»‘i Ä‘i cÃ³ Ä‘Ã¨n tháº¯p sÃ¡ng tá»± Ä‘á»™ng
- cá»­a chÃ­nh cÄƒn há»™ Ä‘Æ°á»£c láº¯p Ä‘áº·t mÃ£ khoÃ¡ sá»‘ thÃ´ng minh, há»‡ thá»‘ng pccc.
â¤ï¸â˜˜ï¸ğŸŒ· CÄƒn há»™ toáº¡ láº¡c táº¡i vá»‹ trÃ­ trung tÃ¢m thÃ nh phá»‘, máº·t tiá»n 10m Ä‘á»— xe Ã´ tÃ´ thoáº£i mÃ¡i, khu dÃ¢n trÃ­ cao, yÃªn tÄ©nh, cÃ¡ch sÃ¢n bay 2km, cáº§u rá»“ng 10 phÃºt.
ğŸ’° GiÃ¡ 1 cÄƒn chá»‰ tá»« 7.000.000â‚«â¡ï¸8.500.000â‚« thanh toÃ¡n linh hoáº¡t, há»£p Ä‘á»“ng lÃ¢u dÃ i.
â˜ï¸LiÃªn há»‡ :
------------MR Linh-----------------------------
ChuyÃªn gia tÆ° váº¥n báº¥t Ä‘á»™ng sáº£n cho thuÃª
-NhÃ  nguyÃªn cÄƒn
-Máº·t báº±ng kinh doanh, vÄƒn phÃ²ng
-CÄƒn há»™, phÃ²ng trá»
-TÆ° váº¥n, quáº£n lÃ½ báº¥t Ä‘á»™ng sáº£n cho thuÃª
Nháº­n tÃ¬m kiáº¿m theo order cá»§a khÃ¡ch.
Má»i chi tiáº¿t xin liÃªn há»‡ qua di Ä‘á»™ng.",40,1,1,"16, ÄÆ°á»ng Man Thiá»‡n, PhÆ°á»ng HÃ²a Thuáº­n TÃ¢y, Quáº­n Háº£i ChÃ¢u, ÄÃ  Náºµng",2020-02-18
"Cho thuÃª cÄƒn há»™ mt XuÃ¢n diá»‡u,thuÃ¢n phÆ°á»›c ğŸ¤—ğŸ¤—",4000000,"Cho thuÃª cÄƒn há»™ XuÃ¢n Diá»‡u,Thuáº­n PhÆ°á»›c Háº£i ChÃ¢u
_ CÄƒn view máº·t tiá»n,full ná»™i tháº¥t
â›³GiÃ¡ 4tr
Lh",30,1,2,"ÄÆ°á»ng XuÃ¢n Diá»‡u, PhÆ°á»ng Háº£i ChÃ¢u II, Quáº­n Háº£i ChÃ¢u, ÄÃ  Náºµng",2020-02-18
CÄ‚N Há»˜ MINI CAO Cáº¤P - Háº¢I CHÃ‚U - Äáº¦Y Náº®NG VÃ€ GIÃ“,5000000,"CÄƒn há»™ má»›i xÃ¢y, gáº§n trung tÃ¢m thÃ nh phá»‘ : cÃ¡ch chá»£ 50m, sÃ¢n bay Quá»‘c Táº¿ 5 phÃºt, ngay khu áº©m thá»±c LÃª Thanh Nghá»‹
Vá»›i thiáº¿t káº¿ hiá»‡n Ä‘áº¡i, sang trá»ng vÃ  trang bá»‹ Ä‘áº§y Ä‘á»§ cÆ¡ sá»Ÿ váº­t cháº¥t, Ä‘áº§y náº¯ng vÃ  giÃ³ sáº½ mang láº¡i cáº£m giÃ¡c thoáº£i mÃ¡i vÃ  áº¥m cÃºng cho gia Ä‘Ã¬nh cá»§a báº¡n.
ï€ª Diá»‡n tÃ­ch tÃ²a nhÃ : 1200m2
ï€ª Diá»‡n tÃ­ch phÃ²ng: tá»« 20-25-30m2
ï€ª View: Táº¥t cáº£ cÃ¡c phÃ²ng Ä‘á»u cÃ³ 2 cá»­a sá»•, Ä‘áº§y náº¯ng vÃ  giÃ³.
ï€ª WC: Äáº§y Ä‘á»§ tiá»‡n nghi (lavabo, mÃ¡y nÃ³ng láº¡nh, kÃ­nh soi, vÃ²i sen, ká»‡ kÃ­nh,...)
ï€ª Ná»™i tháº¥t : MÃ¡y láº¡nh, ná»‡m, tá»§ Ã¡o, bÃ n Äƒn, ká»‡ chÃ©n
ï€ª CÆ¡ sá»Ÿ váº­t cháº¥t khÃ¡c:
ïƒ¼ CÃ³ khu vá»±c báº¿p cho tá»«ng phÃ²ng.
ïƒ¼ SÃ¢n phÆ¡i trong phÃ²ng
ïƒ¼ CÃ³ gÃ¡c lá»¯ng cho tá»«ng phÃ²ng ( tÃ¹y loáº¡i phÃ²ng)
ïƒ¼ CÃ³ thang mÃ¡y há»— trá»£ viá»‡c Ä‘i láº¡i.
ïƒ¼ CÃ³ chá»— giá»¯ xe an toÃ n.
ïƒ¼ CÃ³ há»‡ thá»‘ng camera giÃ¡m sÃ¡t 24/24
ïƒ¼ CÃ³ khu vá»±c giáº·t Ä‘á»“, phÆ¡i Ä‘á»“ riÃªng vÃ  chung.
ï€ª GiÃ¡ thuÃª: 3.500.000 â€“ 5.000.000 Ä‘á»“ng/phÃ²ng/thÃ¡ng.
CÃ¡c báº¡n tráº», há»™ gia Ä‘Ã¬nh mong muá»‘n cÃ³ má»™t khÃ´ng gian sá»‘ng thoáº£i mÃ¡i, áº¥m cÃºng nhÆ°ng khÃ´ng kÃ©m pháº§n hiá»‡n Ä‘áº¡i thÃ¬ cÃ²n chá» gÃ¬ ná»¯a hÃ£y liÃªn há»‡ ngÃ y vá»›i chÃºng tÃ´i Ä‘á»ƒ Ä‘Æ°á»£c tráº£i nghiá»‡m khÃ´ng gian sá»‘ng hiá»‡n Ä‘áº¡i vÃ  Ä‘áº§y Ä‘á»§ tiá»‡n nghi.
LiÃªn há»‡: Chá»‹ Há»“ng",30,None,None,"ÄÆ°á»ng Táº¡ Hiá»‡n, PhÆ°á»ng HÃ²a CÆ°á»ng Báº¯c, Quáº­n Háº£i ChÃ¢u, ÄÃ  Náºµng",2020-02-18
cho thuÃª cÄƒn há»™ 50m2 quáº­n sÆ¡n trÃ ,5000000,"#CHO THUÃŠ CÄ‚N Há»˜: TRáº¦N QUANG KHáº¢I, P. An Háº£i Báº¯c, Q. SÆ¡n TrÃ , ÄÃ  Náºµng
-----------------------------
#Diá»‡n tÃ­ch: 50m2 (Ngang 5m)
#Gá»“m: 1 PN, 1 WC, ban cÃ´ng
#Full ná»™i tháº¥t, má»›i
#ÄÆ°á»ng: 10.5m â€“ Lá» 5m
#GÃ­a cho thuÃª: 5 triá»‡u/thÃ¡ng",50,1,1,"ÄÆ°á»ng Tráº§n Quang Kháº£i, PhÆ°á»ng An Háº£i Báº¯c, Quáº­n SÆ¡n TrÃ , ÄÃ  Náºµng",2020-02-18
CÄƒn há»™ mini hÃ  huy táº­p,2800000,"ğŸ• the Green house thÃ´ng bÃ¡o cho thuÃª nhá»¯ng phÃ²ng nhÆ° sau :
ğŸ“Œ cÄƒn há»™ rá»™ng 25m2 cÃ³ gÃ¡c lá»­ng Ä‘iá»u hoÃ , nÃ³ng láº¡nh, Ä‘áº§y Ä‘á»§ ná»™i tháº¥t
ğŸ’µ GiÃ¡ thuÃª : 2tr8/thÃ¡ng.
ğŸ“Œ CÃ³ chá»— phÆ¡i Ä‘á»“ riÃªng ( cÃ³ mÃ¡y giáº·t )
ğŸ“Œ Há»‡ thá»‘ng camera giÃ¡m sÃ¡t
ğŸ“Œ NhÃ  Ä‘á»ƒ xe rá»™ng rÃ£i, an toÃ n.
ğŸ“Œ Giá» giáº¥c tá»± do.
ğŸ“Œ PhÃ²ng Ä‘áº¹p nhÃ¬n thix ngay
ğŸ“Œ Äá»‹a chá»‰ 296 hÃ  huy táº­p
ğŸ“Œ phÃ²ng sáº¡ch Ä‘áº¹p dá»n vÃ o Ä‘Æ°á»£c ngay
ğŸ“Œ Æ°u tiÃªn ngÆ°á»i Ä‘i lÃ m hoáº·c ná»¯ sinh viÃªn
ğŸ“² Lh Ä‘áº·t phÃ²ng :",25,1,7,"ÄÆ°á»ng HÃ  Huy Táº­p, PhÆ°á»ng HÃ²a KhÃª, Quáº­n Thanh KhÃª, ÄÃ  Náºµng",2020-02-18
CÄƒn há»™ full ná»™i tháº¥t giÃ¡ sá»‘c quáº­n NgÅ© HÃ nh SÆ¡n,3000000,"Dá»± Ã¡n: Carmen.
ThÃ´ng tin chi tiáº¿t: Há»‡ thá»‘ng Carmen Apartment siÃªu ráº»- Ä‘áº§y Ä‘á»§ tiá»‡n nghi- dá»‹ch vá»¥ chu Ä‘Ã¡o quáº­n NgÅ© HÃ nh SÆ¡n

âŒCÃ¡ch biá»ƒn 10'

âŒ View sÃ´ng, gáº§n cáº§u TuyÃªn SÆ¡n

âŒGáº§n siÃªu thá»‹, chá»£

ğŸ¯Äá»‹a chá»‰ : NÆ°á»›c Máº·n 5, quáº­n NgÅ© HÃ nh SÆ¡n

ğŸ‘‰Ná»™i tháº¥t Ä‘áº§y Ä‘á»§ (giÆ°á»ng; tá»§; bÃ n lÃ m viá»‡c; mÃ¡y láº¡nh; mÃ¡y nÆ°á»›c nÃ³ng, Ä‘iá»u hÃ²a, chÃ©n bÃ¡t cÃ¡c kiá»ƒu) chá»‰ cáº§n vÃ o á»Ÿ.

ğŸ‘‰KhÃ´ng gian xanh quanh nhÃ , thoÃ¡ng mÃ¡t, hÃ ng xÃ³m vÄƒn minh, yÃªn tÄ©nh

ğŸ‘‰FREE : Wifi, vá»‡ sinh phÃ²ng, thay chÄƒn ga 3l/tuan .

ğŸ‘‰ Dá»‹ch vá»¥ giáº·t sáº¥y

ğŸ‘‰Háº§m xe rá»™ng, Ä‘áº£m báº£o, cÃ³ chá»— Ä‘á»— Ã´ tÃ´

ğŸ‘‰Tá»± do giá» giáº¥c

ğŸ‘‰Há»‡ thá»‘ng camera kháº¯p nhÃ , an ninh tuyá»‡t Ä‘á»‘i

ğŸ‘‰ Há»‡ thá»‘ng bÃ¡o chÃ¡y Ä‘áº£m báº£o

ğŸ’² GiÃ¡: giÃ¡ tá»« 3 triá»‡u",18,None,1,"69, ÄÆ°á»ng NÆ°á»›c Máº·n 5, PhÆ°á»ng KhuÃª Má»¹, Quáº­n NgÅ© HÃ nh SÆ¡n, ÄÃ  Náºµng",2020-02-18
CÄƒn há»™ DÆ°Æ¡ng KhuÃª gáº§n Äáº¡i há»c Kinh Táº¿,4500000,"Cho thuÃª cÄƒn há»™ Ä‘Æ°á»ng Nguyá»…n Thiáº¿p gáº§n cáº§u Tráº§n Thá»‹ LÃ½, Ä‘Æ°á»ng NgÃ´ Quyá»n, Nguyá»…n VÄƒn Thoáº¡i, Quáº­n SÆ¡n TrÃ 

âœŒï¸âœŒï¸âœŒï¸âœŒï¸âœŒï¸âœŒï¸âœŒï¸âœŒï¸âœŒï¸âœŒï¸âœŒï¸âœŒï¸âœŒï¸âœŒï¸âœŒï¸âœŒï¸âœŒï¸âœŒï¸

Diá»‡n tÃ­ch: 25m2 giÃ¡ thuÃª 4,5 Triá»‡u/thÃ¡ng

Diá»‡n tÃ­ch: 28m2 giÃ¡ thuÃª 5,5 Triá»‡u/thÃ¡ng

Diá»‡n tÃ­ch: 35m2 giÃ¡ thuÃª 6,5 Triá»‡u/thÃ¡ng, 2 giÆ°á»ng ngá»§ cÃ³ ban cÃ´ng

ğŸ‘‰ Giá» giáº¥c tá»± do, khÃ´ng chung chá»§.

ğŸ‘‰ Chá»— Ä‘á»ƒ xe rá»™ng, táº§ng trá»‡t bÃªn trong cÄƒn há»™

ğŸ‘‰ CÃ³ thá»ƒ chuyá»ƒn Ä‘áº¿n á»Ÿ ngay

ğŸ‘‰ Camera giÃ¡m sÃ¡t 24/24

ğŸ‘‰ CÄƒn há»™ cÃ³ ban cÃ´ng, cá»­a sá»• thoÃ¡ng mÃ¡t",25,1,1,"ÄÆ°á»ng DÆ°Æ¡ng KhuÃª, PhÆ°á»ng Má»¹ An, Quáº­n NgÅ© HÃ nh SÆ¡n, ÄÃ  Náºµng",2020-02-18
CÄƒn há»™ full ná»™i tháº¥t cÃ³ ban cÃ´ng ngay Pháº¡m V Äá»“ng,5000000,"ğŸ‰#CÄƒnHá»™ xinh xáº¯n dá»… thÆ°Æ¡ng ngay biá»ƒn #Pháº¡mVÄƒnÄá»“ng, khu phá»‘ HÃ n,...
* ÄÆ°á»ng LÃª Minh Trung
* GiÃ¡ siÃªu má»m chá»‰ #5triá»‡u/thÃ¡ng
* #CÃ³bancÃ´ng, #viewbiá»ƒn
* Rá»™ng 30m2, cÄƒn há»™ má»›i full ná»™i tháº¥t y hÃ¬nh
(mÃ¡y giáº·c riÃªng)
NgoÃ i ra cÃ²n nhá»¯ng cÄƒn rá»™ng hÆ¡n giÃ¡ tá»« 6-8 triá»‡u/thÃ¡ng
KhÃ¡ch nÃ o chÆ°a tÃ¬m Ä‘Æ°á»£c tá»• áº¥m thÃ¬ cÆ°á»›i ngay em nÃ y Ä‘i áº¡
Nhá» nhá» xinh xinh áº¥m cÃºng giÃ¡ siÃªu má»m
LH em xem phÃ²ng ngay nhÃ© O776.242.66",30,1,1,"ÄÆ°á»ng LÃª Minh Trung, PhÆ°á»ng An Háº£i ÄÃ´ng, Quáº­n SÆ¡n TrÃ , ÄÃ  Náºµng",2020-02-18
Cho thuÃª phÃ²ng cÄƒn há»™ Ä‘áº¹p giÃ¡ ráº» báº¥t ngá» chá»‰ tá»« 3t,3000000,"Cho thuÃª phÃ²ng cÄƒn há»™ Ä‘áº¹p giÃ¡ ráº» báº¥t ngá» chá»‰ tá»« 3tr/ thÃ¡ng.

Vá»‹ trÃ­: ÄÆ°á»ng Äá»— Quang, bá» há»“ HÃ m Nghi, Thanh KHÃª , ÄÃ  Náºµng

Diá»‡n tÃ­ch: 20 Ä‘áº¿n 30m2.

GiÃ¡ thuÃª: 3 Ä‘áº¿n 4 triá»‡u/thÃ¡ng. Cá»c 1 thÃ¡ng thanh toÃ¡n 1 thÃ¡ng.

â€“ CÃ¡ch trÆ°á»ng Äh Duy TÃ¢n 300m.

â€“ CÃ¡ch chá»£ Cá»“n, Big C 500m.

â€“ CÃ¡ch bá»‡nh viá»‡n HoÃ n Má»¹ 300m.

â€“ CÃ¡ch cáº§u rá»“ng 1km.

â€“ cÄƒn há»™ má»›i an ninh, cÃ³ camera táº¡i cÃ¡c khu vá»±c chung!!

â€“ Diá»‡n tÃ­ch: 20 Ä‘áº¿n 30m2.

â€“ PhÃ²ng cÃ³ vá»‡ sinh khÃ©p kÃ­n.

â€“ Chá»— Ä‘á»ƒ xe rá»™ng rÃ£i.

â€“ CÃ³ bang cÃ´ng. CÃ³ sÃ¢n phÆ¡i.

â€“ Ná»™i tháº¥t: Äiá»u hÃ²a, nÃ³ng láº¡nh, wiffi tá»‘c Ä‘á»™ cao, giÆ°á»ng, tá»§ Ä‘á»“, tá»§ láº¡nh, mÃ¡y giáº·t.

â€“ Äiá»‡n 3k chá»¯, nÆ°á»›c 70k/ ngÆ°á»i free wiffi.

â€“ Giá» giáº¥c tá»± do khÃ´ng chung chá»§.

LiÃªn há»‡ : anh NgÃ´ khÃ´ng báº£y báº£y bá»‘n bá»‘n báº£y hai báº£y bá»‘n ba",30,None,1,"ÄÆ°á»ng Äá»— Quang, PhÆ°á»ng ChÃ­nh GiÃ¡n, Quáº­n Thanh KhÃª, ÄÃ  Náºµng",2020-02-18
CÄƒn há»™ gáº§n Vincom vÃ  Pháº¡m VÄƒn Äá»“ng 35mÂ² 1 PN,5000000,"Dá»± Ã¡n: gáº§n Vincom vÃ  Pháº¡m VÄƒn Äá»“ng
ThÃ´ng tin chi tiáº¿t: Cho thuÃª nhanh! Äáº­u oto vÃ´ tÆ°.
CÄƒn há»™ Ä‘Æ°á»ng Huy Du. SÆ¡n trÃ . Gáº§n vincom. Biá»ƒn pháº¡m vÄƒn Ä‘á»“ng.
CÄƒn há»™ má»›i - sáº¡ch sáº½ - full ná»™i tháº¥t má»›i - báº¿p riÃªng
GiÃ¡ chá»‰ tá»« 4tr - 5trieu
CÄƒn 5tr5 cÃ³ cáº£ ban cÃ´ng.
CÄƒn 5tr- 2pn
NgoÃ i ra mÃ¬nh cÃ²n nhiá»u cÄƒn há»™ khÃ¡c giÃ¡ tá»« 4tr - 10tr
CÄƒn 1PN - 2PN
Quáº­n háº£i chÃ¢u. SÆ¡n trÃ . NgÅ© hÃ nh sÆ¡n. Thanh khÃª
KhÃ¡ch qt cá»© alo tÆ° váº¥n free nhÃ©",35,1,1,"12, ÄÆ°á»ng Huy Du||19830, PhÆ°á»ng An Háº£i ÄÃ´ng, Quáº­n SÆ¡n TrÃ , ÄÃ  Náºµng",2020-02-18
CÄƒn há»™ mini giÃ¡ ráº» 191/18 Ä‘á»— quang,3500000,"CÄƒn há»™ mini Ä‘Æ°á»ng NGuyá»…n vÄƒn Linh giÃ¡ 4.5tr/th
Full ná»™i tháº¥t báº¿p MT Äá»— Quang

-Vá»Š TRÃ: 191/18 Äá»— Quang. ÄÆ°á»ng 5m lá» 3m. ÄÆ°á»ng Ä‘áº­u oto trÃªn lá».

+Gáº§n ÄH Duy TÃ¢n cÃ¡ch 3p Ä‘i bá»™.
+Gáº§n trá»¥c Ä‘Æ°á»ng chÃ­nh Nguyá»…n VÄƒn Linh,bá»‡nh viá»‡n, chá»£, trÆ°á»ng há»c, ngÃ¢n hÃ ng, khu vui chÆ¡i giáº£i trÃ­, phá»‘ áº©m thá»±c Huá»³nh ThÃºc KhÃ¡ng.
-Tiá»‡n Ã­ch:
Full ná»™i tháº¥t, chá»‰ cáº§n sÃ¡ch Vali tá»›i á»Ÿ thÃ´i:
+ Tivi, Tá»§ Láº£nh, , Äiá»u HÃ²a
+ Báº¿p náº¥u Äƒn, báº¿p tá»«, mÃ¡y nÆ°á»›c nÃ³ng, quáº¡t tráº§n.
+ Wifi, camera an ninh, cá»­a sá»• mÃ¡t máº», giá» giáº¥c tá»± do.
+ NhÃ  má»›i xÃ¢y, ná»™i tháº¥t má»›i keng.
- DT: 35m2 . GiÃ¡ 3.8-5tr
Lh Mr Linh",35,1,1,"ÄÆ°á»ng Äá»— Quang, PhÆ°á»ng VÄ©nh Trung, Quáº­n Thanh KhÃª, ÄÃ  Náºµng",2020-02-18
"CÄƒn há»™ hiá»‡n Ä‘áº¡i khÃ©p kÃ­n, Ä‘áº§y Ä‘á»§ tiá»‡n nghi",5000000,"CÄƒn há»™ Ä‘áº§y Ä‘á»§ tiá»‡n nghi,sáº¡ch sáº½,khu vá»±c trung tÃ¢m, yÃªn tÄ©nh.
Gáº§n vincom, cáº§u rá»“ng, gáº§n biá»ƒn,....",22,1,1,"ÄÆ°á»ng Nguyá»…n Bá»‰nh KhiÃªm, PhÆ°á»ng An Háº£i TÃ¢y, Quáº­n SÆ¡n TrÃ , ÄÃ  Náºµng",2020-02-18
CÄƒn há»™ Hiyori Garden Tower 74mÂ² 2PN,19000000,"ğŸŒ¹ğŸŒ¹Chá»§ Ä‘i cÃ´ng tÃ¡c xa.ğŸŒ¹ğŸŒ¹
Cáº§n cho thuÃª CÄƒn há»™ 2 phÃ²ng ngá»§ Hiyori Garden Tower.!
ğŸ‘‰ğŸ‘‰CÃ´ng nÄƒng: 2PN-2WC-1P.khÃ¡ch..
GiÃ¡ chá»‰ 950$/thÃ¡ng.Cho thuÃª LÃ¢u dÃ i.CÄƒn táº§ng cao - view Ä‘áº¹p.Full ná»™i tháº¥t..vv. Má»i thÃ´ng tin chi tiáº¿t Gáº·p Mr Tiáº¿n.",74,None,2,"Ä‘Æ°á»ng VÃµ VÄƒn Kiá»‡t, PhÆ°á»ng An Háº£i ÄÃ´ng, Quáº­n SÆ¡n TrÃ , ÄÃ  Náºµng",2020-02-18
CÄ‚N Há»˜ 1PN Má»šI CÃ“ BAN CÃ”NG Gáº¦N VINCOM,12700000,"Dá»± Ã¡n: CÄ‚N Há»˜ CHO THUÃŠ Táº I ÄÃ€ Náº´NG.
ThÃ´ng tin chi tiáº¿t: Ná»˜I THáº¤T Äáº¸P, Má»šI
CÃ“ BAN CÃ”NG
SOFA, BÃ€N LÃ€M VIá»†C
CÃ“ MÃY GIáº¶T RIÃŠNG",55,1,1,"ÄÆ°á»ng An NhÆ¡n 6, PhÆ°á»ng PhÆ°á»›c Má»¹, Quáº­n SÆ¡n TrÃ , ÄÃ  Náºµng",2020-02-18
Cho thuÃª cÄƒn há»™ cáº¡nh Ä‘Æ°á»ng Äá»‘ng Äa,3500000,"Cho thuÃª cÄƒn há»™ cáº¡nh Ä‘Æ°á»ng Äá»‘ng Äa
Vá»‹ trÃ­ trung tÃ¢m thuáº­n tiá»‡n Ä‘á»‹nh cÆ° lÃ¢u dÃ i
CÃ¡c dáº¡ng phÃ²ng Ä‘áº§y Ä‘á»§ 20m2 Ä‘áº¿n 35m2
GiÃ¡ 3,5tr/thÃ¡ng Ä‘áº¿n 5tr/thÃ¡ng
LiÃªn há»‡: Mr Huy",25,1,1,"ÄÆ°á»ng LÃ½ Tá»± Trá»ng, PhÆ°á»ng Háº£i ChÃ¢u II, Quáº­n Háº£i ChÃ¢u, ÄÃ  Náºµng",2020-02-18
Cho thuÃª CÄƒn há»™ mini 1pn vÃ  2 pn,3500000,"cho thuÃª cÄƒn há»™ mini 1pn vÃ  2 pn Ä‘áº§y Ä‘á»§ tiá»‡n nghi táº¡i 97 lÃ½ Ä‘áº¡o thÃ nh, sÆ¡n trÃ , Ä‘Ã  náºµng
cÄƒn 1pn 20mÂ² giÃ¡ 3,5tr thÃ¡ng
cÄƒn 2pn, 1pk giÃ¡ 5tr/ thÃ¡ng",20,1,1,"97, ÄÆ°á»ng LÃ½ Äáº¡o ThÃ nh, PhÆ°á»ng An Háº£i Báº¯c, Quáº­n SÆ¡n TrÃ , ÄÃ  Náºµng",2020-02-18
CÄƒn há»™ dá»‹ch vá»¥ 1-2 phÃ²ng ngá»§ 80mÂ² SÆ¡n TrÃ ,5000000,"ChÃ­nh chá»§ cho thuÃª cÄƒn há»™ 1-2 phÃ²ng ngá»§ quáº­n SÆ¡n TrÃ .

NhÃ  má»›i xÃ¢y, diá»‡n tÃ­ch cÄƒn há»™ 35-80m2, bao gá»“m toilet riÃªng, báº¿p, sÃ¢n trá»i, phÃ²ng Äƒn. NhÃ  cÃ³ phÃ²ng khÃ¡ch vÃ  sÃ¢n thÆ°á»£ng ráº¥t rá»™ng.

Khu vá»±c an ninh, tiá»‡n lá»£i, cÃ¡ch biá»ƒn 500m

Ná»™i tháº¥t Ä‘áº§y Ä‘á»§ mÃ¡y láº¡nh, mÃ¡y giáº·t, tá»§ láº¡nh, tivi, tá»§ giÆ°á»ng má»›i Ä‘Ã³ng.

Tiá»‡n Ã­ch dá»n vá»‡ sinh hÃ ng tuáº§n, nÆ°á»›c vÃ  Internet cÃ¡p quang miá»…n phÃ­.

LiÃªn há»‡ chÃ­nh chá»§ (a Duy)",80,2,2,"12, phÆ°á»›c trÆ°á»ng 17, PhÆ°á»ng PhÆ°á»›c Má»¹, Quáº­n SÆ¡n TrÃ , ÄÃ  Náºµng",2020-02-18
"C/Há»™ 35m2 ÄÆ°á»ng Pháº¡m Váº¥n, SÆ¡n TrÃ  - Full Ná»™i Tháº¥t",6000000,"Cho ThuÃª CÄƒn Há»™ Cao Cáº¥p Studio 35m2 - ÄÆ°á»ng Pháº¡m Váº¥n, Quáº­n SÆ¡n TrÃ  - Gáº§n Biá»ƒn Pháº¡m VÄƒn Äá»“ng.
- Full Ná»™i Tháº¥t NhÆ° HÃ¬nh.
- Camera an ninh 24/24
- Giá» giáº¥c tá»± do
- Chá»— Ä‘á»ƒ xe riÃªng

PhÃ¹ há»£p cho cÃ¡c báº¡n lÃ m viá»‡c táº¡i Quáº­n Háº£i ChÃ¢u, SÆ¡n TrÃ ,...

Khu dÃ¢n cÆ° an ninh, dÃ¢n trÃ­ cao, chá»‰ cho há»™ gia Ä‘Ã¬nh thuÃª lÃ¢u dÃ i, há»£p Ä‘á»“ng trÃªn 1 nÄƒm.

GiÃ¡ thuÃª: 6 triá»‡u/thÃ¡ng (Æ¯u tiÃªn há»£p Ä‘á»“ng lÃ¢u dÃ i, trÃªn 12 thÃ¡ng)

Xem phÃ²ng xin liÃªn há»‡ trÆ°á»›c, xin cáº£m Æ¡n",35,1,1,"ÄÆ°á»ng Pháº¡m Váº¥n, PhÆ°á»ng MÃ¢n ThÃ¡i, Quáº­n SÆ¡n TrÃ , ÄÃ  Náºµng",2020-02-18
"CÄƒn há»™ 5 táº§ng, 9phÃ²ng ngay khu phá»‘ TÃ¢y - An ThÆ°á»£ng",50000000,"Cho thuÃª cÄƒn há»™ ngay khu phá»‘ TÃ¢y - An ThÆ°á»£ng 6, gáº§n biá»ƒn
- CÄƒn há»™ vá»«a hoÃ n thiá»‡n, ná»™i tháº¥t hiá»‡n Ä‘áº¡i, mÃ¡y giáº·t riÃªng cho má»—i phÃ²ng
- Cho thuÃª nguyÃªn cÄƒn",70,6,9,"ÄÆ°á»ng An ThÆ°á»£ng 6, PhÆ°á»ng Má»¹ An, Quáº­n NgÅ© HÃ nh SÆ¡n, ÄÃ  Náºµng",2020-02-18
CÄƒn há»™ Nguyá»…n Thiáº¿p gáº§n cáº§u Tráº§n Thá»‹ LÃ½,4799000,"Cho thuÃª cÄƒn há»™ Ä‘Æ°á»ng Nguyá»…n Thiáº¿p gáº§n cáº§u Tráº§n Thá»‹ LÃ½, Ä‘Æ°á»ng NgÃ´ Quyá»n, Nguyá»…n VÄƒn Thoáº¡i, Quáº­n SÆ¡n TrÃ 

âœŒï¸âœŒï¸âœŒï¸âœŒï¸âœŒï¸âœŒï¸âœŒï¸âœŒï¸âœŒï¸âœŒï¸âœŒï¸âœŒï¸âœŒï¸âœŒï¸âœŒï¸âœŒï¸âœŒï¸âœŒï¸

Diá»‡n tÃ­ch: 30m2 giÃ¡ thuÃª 4,8 Triá»‡u/thÃ¡ng

ğŸ‘‰ Giá» giáº¥c tá»± do, khÃ´ng chung chá»§.

ğŸ‘‰ Chá»— Ä‘á»ƒ xe rá»™ng, táº§ng trá»‡t bÃªn trong cÄƒn há»™

ğŸ‘‰ CÃ³ thá»ƒ chuyá»ƒn Ä‘áº¿n á»Ÿ ngay

ğŸ‘‰ Camera giÃ¡m sÃ¡t 24/24

ğŸ‘‰ CÄƒn há»™ cÃ³ ban cÃ´ng, cá»­a sá»• thoÃ¡ng mÃ¡t",30,1,1,"ÄÆ°á»ng Nguyá»…n Thiáº¿p, PhÆ°á»ng PhÆ°á»›c Má»¹, Quáº­n SÆ¡n TrÃ , ÄÃ  Náºµng",2020-02-18
CÄƒn há»™ 1pn 45 m2 cÃ³ ban cÃ´ng thoÃ¡ng mÃ¡t,9000000,"CHO THUÃŠ CÄ‚N Há»˜ 1 PHÃ’NG NGá»¦ Gáº¦N Cáº¦U Rá»’NG - 9 TRIá»†U
Vá»‹ TrÃ­: ÄÆ°á»ng Tráº§n HÆ°ng Äao, Quáº­n SÆ¡n TrÃ  Tp.ÄÃ  Náºµng ( CÃ¡ch cáº§u Rá»“ng 200m)
MÃ´ táº£:
- CÄƒn há»™ 1 phÃ²ng ngá»§ 45m2.
- RÃ´ng rÃ£i, Ä‘áº§y Ä‘á»§ ná»™i tháº¥t, Ä‘iá»u hÃ²a, mÃ¡y giáº·t, tá»§ láº¡nh, sÃ¢n thÆ°á»£ng, ban cÃ´ng.
- TÃ²a nhÃ  cÃ³ thang mÃ¡y.
- CÃ³ ban cÃ´ng cá»­a sá»• thoÃ¡ng mÃ¡t, khÃ´ng cÃ³ cÃ´ng trÃ¬nh xung quanh, khu dÃ¢n cÆ° An Ninh
Tiá»‡n Ã­ch:
- Gáº§n biá»ƒn Má»¹ KhÃª. Gáº§n Cáº§u TÃ¬nh YÃªu, cáº§u Rá»“ng. Äi bá»™ 2 phÃºt ra bá» sÃ´ng HÃ n
- Gáº§n cáº§u Rá»“ng, cáº§u Tráº§n Thá»‹ LÃ½
- CÃ¡ch SÃ¢n bay 2.5km...
- Äiá»‡n: 3.5k/ chá»¯, nÆ°á»›c 50k/ ngÆ°á»i. Miá»…n phÃ­ wf, cÃ¡p TV, dá»n dáº¹p 1 tuáº§n/ láº§n
GÃ­Ã¡: 9 triá»‡u / thÃ¡ng
LiÃªn há»‡/zalo: Ä‘á»ƒ Ä‘i xem cÄƒn há»™.
ChÃºng tÃ´i cÃ²n nhiá»u nhÃ  & cÄƒn há»™ cho thuÃª á»Ÿ ÄÃ  Náºµng. Anh/chá»‹ cáº§n xin liÃªn há»‡ sá»‘ Ä‘iá»‡n thoáº¡i 0358.291.293
Xin cáº£m Æ¡n",45,None,1,"ÄÆ°á»ng Tráº§n HÆ°ng Äáº¡o, PhÆ°á»ng An Háº£i TÃ¢y, Quáº­n SÆ¡n TrÃ , ÄÃ  Náºµng",2020-02-18
CÄƒn há»™ full ná»™i tháº¥t TTTP giÃ¡ chá»‰ 5.000.000/thÃ¡ng,5000000,"CÄƒn há»™ 1 phÃ²ng ngá»§ náº±m ngay TTTP Ä‘Æ°á»£c trang bá»‹ Ä‘áº§y Ä‘á»§ ná»™i tháº¥t ( chá»‰ cáº§n vÃ o á»Ÿ ngay ) tivi, mÃ¡y láº¡nh, báº¿p, tá»§ láº¡nh, mÃ¡y nÆ°á»›c nÃ³ng...
- CÃ³ cá»­a sá»• Ä‘Ã³n Ã¡nh sÃ¡ng & giÃ³ thÃ´ng thoÃ¡ng
- SÃ¢n phÆ¡i & mÃ¡y giáº·t free
- Gáº§n chá»£ Cá»“n, BigC , sÃ¢n bay, trÆ°á»ng há»c...
- Giá» giáº¥c tá»± do, cÃ³ chÃ¬a khÃ³a riÃªng",20,1,1,"325/33, HÃ¹ng VÆ°Æ¡ng, PhÆ°á»ng VÄ©nh Trung, Quáº­n Thanh KhÃª, ÄÃ  Náºµng",2020-02-18
CÄƒn há»™ HAGL cho thuÃª ngay TTTP 2pn chá»‰ 10tr/thÃ¡ng,10000000,Cho thuÃª cÄƒn há»™ HAGL táº¡i 72hÃ m nghi ngay TTTP.diá»‡n tÃ­ch 94m2.gá»“m 2pn 2wc .1p.1 pb.liÃªn há»‡ Ä‘i xem cÄƒn há»™ trá»±c tiáº¿p.,94,None,2,"ÄÆ°á»ng HÃ m Nghi, PhÆ°á»ng Tháº¡c GiÃ¡n, Quáº­n Thanh KhÃª, ÄÃ  Náºµng",2020-02-18
CÄƒn há»™ 45m2 gáº§n Ä‘Æ°á»ng Há»“ XuÃ¢n HÆ°Æ¡ng,6000000,"CÄƒn há»™ ná»™i tháº¥t cao cáº¥p gáº§n biá»ƒn, giÃ¡ cáº¡nh tranh chá»‰ 6,000,000/ thÃ¡ng

Chá»‰ máº¥t 5 phÃºt ra:
- Biá»ƒn
- Chá»£ Báº¯c Má»¹ An
- Vinmart
- Tráº¡m xÄƒng
- Gym

Cho nuÃ´i thÃº cÆ°ng trong phÃ²ng
Giá» giáº¥c tá»± do
CÃ³ thang mÃ¡y",45,1,1,"ÄÆ°á»ng Há»“ XuÃ¢n HÆ°Æ¡ng, PhÆ°á»ng Má»¹ An, Quáº­n NgÅ© HÃ nh SÆ¡n, ÄÃ  Náºµng",2020-02-18
Cho thuÃª cÄƒn há»™ HAGL full ná»™i tháº¥t 100%y hÃ¬nh,14000000,Cho thuÃª cÄƒn há»™ HAGL cÄƒn gÃ³c vá»›i diá»‡n tÃ­ch 117m2 rá»™ng ráº£i thoÃ¡ng mÃ¡t gá»“m 3pn.2wc .pk phÃ²ng báº¿p.ngay trung tÃ¢m thÃ nh phá»‘.anh/chá»‹ quan tÃ¢m liÃªn há»‡ Ä‘i xem cÄƒn há»™ trá»±c tiáº¿p áº¡,117,None,3,"ÄÆ°á»ng HÃ m Nghi, PhÆ°á»ng Tháº¡c GiÃ¡n, Quáº­n Thanh KhÃª, ÄÃ  Náºµng",2020-02-18
CÄƒn há»™ CÄƒn há»™ F.Home 60mÂ² 2PN Táº§ng 20,15000000,"CHO THUÃŠ CÄ‚N Há»˜ FHOME
--> Táº§ng 20
--> 2 PhÃ²ng Ngá»§ + 2 WC
--> Äáº§y Ä‘á»§ ná»™i tháº¥t ( MÃ¡y giáº·t, báº¿p, 2 mÃ¡y láº¡nh, lÃ² vi sÃ³ng , tá»§ láº¡nh,...)",60,2,2,"16, ÄÆ°á»ng LÃ½ ThÆ°á»ng Kiá»‡t, PhÆ°á»ng Tháº¡ch Thang, Quáº­n Háº£i ChÃ¢u, ÄÃ  Náºµng",2020-02-18
"CÄƒn há»™ 2 phÃ²ng ngá»§ ,Ä‘Æ°á»ng lÃª vÄƒn long",9000000,"Cho thuÃª 3 cÄƒn há»™ (hoáº·c cho thuÃª nguyÃªn cÄƒn)
Ä‘Æ°á»ng LÃª VÄƒn Long, Thanh BÃ¬nh, Háº£i ChÃ¢u
GiÃ¡ má»—i cÄƒn há»™ : 9tr/1 thÃ¡ng
ThuÃª nguyÃªn cÄƒn : liÃªn há»‡ HÃ  Ly
Má»—i cÄƒn há»™ gá»“m : pk, báº¿p, 2 pn, 2wc, sÃ¢n phÆ¡i
Full ná»™i tháº¥t",60,2,2,"ÄÆ°á»ng LÃª vÄƒn Long, PhÆ°á»ng Thanh BÃ¬nh, Quáº­n Háº£i ChÃ¢u, ÄÃ  Náºµng",2020-02-18
CÄƒn há»™ full ná»™i tháº¥t - cÃ¡ch Ä‘áº¡i há»c Duy TÃ¢n 500m,3000000,"Cho thuÃª cÄƒn há»™ táº¡i Ä‘Æ°á»ng Äá»— Quang - HÃ m Nghi - ÄÃ  Náºµng
Sá»‘ 5/3 Ä‘Æ°á»ng Äá»— Quang
Ngay gáº§n bá» há»“ HÃ m Nghi - khu vá»±c trung tÃ¢m thÃ nh phá»‘ cá»±c ká»³ sáº§m uáº¥t , an ninh tá»‘t
PhÃ²ng rá»™ng rÃ£i , sáº¡ch sáº½ , thoÃ¡ng mÃ¡t
CÃ³ mÃ¡y giáº·t , san phÆ¡i Ä‘á»“ ...
Äáº§y Ä‘á»§ ná»™i tháº¥t , bÃ n gháº¿ , tá»§ láº¡nh , Ä‘iá»u hoÃ  ....
Cho phÃ©p náº¥u Äƒn táº¡i phÃ²ng
Giá» giáº¥c tá»± do , khÃ´ng chung chá»§
GiÃ¡ cho thuÃª : tá»« 3 triá»‡u Ä‘áº¿n 5 triá»‡u tuá»³ phÃ²ng
LiÃªn há»‡ trá»±c tiáº¿p chá»§ nhÃ  Ä‘á»ƒ xem
Xin cÃ¡m Æ¡n !!!",20,None,1,"ÄÆ°á»ng Äá»— Quang, PhÆ°á»ng BÃ¬nh Thuáº­n, Quáº­n Háº£i ChÃ¢u, ÄÃ  Náºµng",2020-02-18
"CÄƒn 2 phÃ²ng ngá»§ Azura, view sÃ´ng HÃ n. Táº§ng tháº¥p",27000000,"CHO THUÃŠ CÄ‚N Há»˜ CAO Cáº¤P AZURA, 2 PHÃ’NG NGá»¦
CÄƒn há»™ Ä‘Æ°á»£c trang bá»‹ Ä‘áº§y Ä‘á»§ thiáº¿t bá»‹ ná»™i tháº¥t vÃ  Ä‘á»“ dÃ¹ng Ä‘iá»‡n tá»­, Ä‘iá»‡n láº¡nh, Ä‘á»“ dÃ¹ng báº¿p, wifi, truyá»n hÃ¬nh cÃ¡p (khÃ¡ch chá»‰ mang quáº§n Ã¡o vÃ o á»Ÿ ngay).
Ná»™i tháº¥t má»›i, hiá»‡n Ä‘áº¡i, cao cáº¥p, cÃ³ thiáº¿t bá»‹ an ninh, bÃ¡o chÃ¡y, há»‡ thá»‘ng Ä‘iá»‡n dá»± phÃ²ng, dá»‹ch vá»¥ chuyÃªn nghiá»‡p, Ä‘áº£m báº£o tiá»‡n Ã­ch cao cho ngÆ°á»i Viá»‡t vÃ  ngÆ°á»i nÆ°á»›c ngoÃ i sinh sá»‘ng vÃ  lÃ m viá»‡c.
-Diá»‡n tÃ­ch: 100m2, gá»“m 1 phÃ²ng khÃ¡ch, 2 phÃ²ng ngá»§, 1 phÃ²ng báº¿p, 2 toilet vÃ  ban cÃ´ng, view SÃ´ng HÃ n thÆ¡ má»™ng.
- PhÃ­ thuÃª:/ thÃ¡ng Ä‘Ã£ bao gá»“m phÃ­ Quáº£n lÃ½ vÃ  sá»­ dá»¥ng tiá»‡n Ã­ch
LH:",100,2,2,"339, 339 ÄÆ°á»ng Tráº§n HÆ°ng Äáº¡o Quáº­n SÆ¡n TrÃ , ÄÃ  Náºµng, PhÆ°á»ng An Háº£i Báº¯c, Quáº­n SÆ¡n TrÃ , ÄÃ  Náºµng",2020-02-18
CÄƒn há»™ full ná»™i tháº¥t Ã”ng Ãch KhiÃªm Háº¢I CHÃ‚U,4500000,"Cho thuÃª cÄƒn há»™ mini trong nhÃ  nguyÃªn cÄƒn ko chung chá»§ tá»± do. Ngay Ã”ng Ãch KhiÃªm
ğŸ“Äá»‹a chá»‰: 24 Thanh Háº£i, quáº­n Háº£i ChÃ¢u, TP ÄÃ  Náºµng.
â›” PhÃ²ng Ä‘Æ°á»£c trang bá»‹ Ä‘áº§y Ä‘á»§, táº¥t cáº£ Ä‘á»u lÃ  váº­t dá»¥ng má»›i 100%
â›”Wifi free, MÃ¡y giáº·t free, Báº¿p Ä‘iá»‡n free
â¤ Khu vá»±c an ninh tuyá»‡t Ä‘á»‘i, cÃ³ camera 24/24.",25,1,1,"24, ÄÆ°á»ng Thanh Háº£i, PhÆ°á»ng Thanh BÃ¬nh, Quáº­n Háº£i ChÃ¢u, ÄÃ  Náºµng",2020-02-18
CÄƒn Há»™ Duplex Äáº§u TÆ° NÄƒm 2020,4000000,"+Vá»‹ trÃ­ Ä‘áº¯c Ä‘á»‹a ngay TTTP, thuáº­n tiá»‡n di chuyá»ƒn Ä‘áº¿n cÃ¡c khu tiá»‡n Ã­ch xung quanh nhÆ° Chá»£, siÃªu thá»‹, nhÃ  ga, sÃ¢n bay, trÆ°á»ng há»c, bá»‡nh viá»‡n, biá»ƒn...

+Äáº§y Ä‘á»§ tiá»‡n nghi ná»™i khu: há»“ bÆ¡i, gym, coffee-bar, háº§m giá»¯ xe, thang mÃ¡y, há»‡ thá»‘ng pccc, camera an ninh, báº£o vá»‡ 24/24
CÃ³ sáºµn Ä‘áº§y Ä‘á»§ ná»™i tháº¥t phá»¥c vá»¥ má»i nhu cáº§u sinh hoáº¡t.

+GiÃ¡ thuÃª chá»‰ 4tr/ thÃ¡ng cho cÄƒn 1 pn.

+Nháº­n thuÃª láº¡i cÄƒn há»™ giÃ¡ tá»‘i thiá»ƒu 150% giÃ¡ trá»‹ ban Ä‘áº§u.
Äáº·c biá»‡t: cÃ³ thá»ƒ thu lá»£i nhuáº­n 30%/nÄƒm vá»›i hÃ¬nh thá»©c Ä‘áº§u tÆ° (cÃ³ Ä‘iá»u kiá»‡n)

+Thanh toÃ¡n nháº¹ nhÃ ng tá»« 45-60 ngÃ y/ Ä‘á»£t.

++++++Äáº·c biá»‡t chÃ­nh sÃ¡ch táº·ng vÃ ng cho khÃ¡ch hÃ ng kÃ½ há»£p Ä‘á»“ng thuÃª cÄƒn há»™ Ä‘áº§u nÄƒm 2020.

+Hotline nháº­n tÆ° váº¥n 24/7",37,None,1,"ÄÆ°á»ng Thanh Long, PhÆ°á»ng Thanh BÃ¬nh, Quáº­n Háº£i ChÃ¢u, ÄÃ  Náºµng",2020-02-18
CÄƒn gÃ³c HAGL cho thuÃª 3pn y hÃ¬nh.má»›i 100%,14000000,Cho thuÃª cÄƒn há»™ HAGL full ná»™i tháº¥t.ngay trung tÃ¢m thÃ nh phá»‘.3phÃ²ng ngá»§ vá»›i diá»‡n tÃ­ch 117m2.liÃªn há»‡ Ä‘i xem cÄƒn há»™ trá»±c tiáº¿p,117,None,3,"ÄÆ°á»ng HÃ m Nghi, PhÆ°á»ng Tháº¡c GiÃ¡n, Quáº­n Thanh KhÃª, ÄÃ  Náºµng",2020-02-18
CÄƒn há»™ Quáº­n Háº£i ChÃ¢u 30mÂ² 1PN,4500000,"ThÃ´ng tin chi tiáº¿t: Cho thuÃª phÃ²ng kiá»ƒu cÄƒn há»™ Full ná»™i tháº¥t
- Äá»‹a chá»‰: 574 Ä‘Æ°á»ng 2 thÃ¡ng 9
- Diá»‡n tÃ­ch: 30m2
- PhÃ²ng ráº¥t thoÃ¡ng mÃ¡t, Ä‘iá»u hÃ²a, giÆ°á»ng ná»‡m, tá»§ Ã¡o quáº§n,
báº¿p náº¥u, internet miá»…n phÃ­, nhÃ  Ä‘á»ƒ xe, lá»‘i Ä‘i riÃªng.
- Gáº§n Trung tÃ¢m giáº£i trÃ­ Helio, Cung vÄƒn hÃ³a thiáº¿u nhi
- GiÃ¡ thuÃª:4.500.000/thÃ¡ng
LiÃªn há»‡:",30,1,1,"574, ÄÆ°á»ng 2/9, PhÆ°á»ng HÃ²a CÆ°á»ng Nam, Quáº­n Háº£i ChÃ¢u, ÄÃ  Náºµng",2020-02-18
Cho ThuÃª CÄƒn Há»™ View Äáº¹p GiÃ¡ Ráº»,8500000,"Dá»± Ã¡n: Cho ThuÃª CÄƒn Há»™ LÃ½ ThÆ°á»ng Kiá»‡t.
ThÃ´ng tin chi tiáº¿t: ğŸ˜Cho thuÃª cÄƒn há»™ ngay Ä‘Æ°á»ng LÃ½ ThÆ°á»ng Kiá»‡t siÃªu Ä‘áº¹p view Ä‘áº¹p, táº¥t cáº£ Ä‘á»u Ä‘áº¹p, ( Ä‘áº¹p nhÆ° Ngá»c Trinh )
ğŸ¥°GiÃ¡ thuÃª siÃªu má»m cho cÃ¡c há»™ gia Ä‘Ã¬nh vÃ  khÃ¡ch nÆ°á»›c ngoÃ i nÃ¨
9 triá»‡u /thÃ¡ng á»Ÿ lÃ¢u dÃ i cÃ³ Æ°u Ä‘Ã£i nhÃ© cÃ¡c anh chá»‹ nÃ o cáº§n liÃªn há»‡ em ngay nhÃ©, khÃ´ng cÃ²n nhÃ¬u cÄƒn nhÆ° nÃ y Ä‘Ã¢u nÃ¨
phÃ²ng sáº¡ch Ä‘áº¹p, khu vá»±c an ninh tá»‘t, sÃ¢n Ä‘á»ƒ xe rá»™ng rÃ£i, cÃ³ camera cÃ³ báº£o vá»‡, cÃ³ thang mÃ¡y, khÃ´ng thiáº¿u gÃ¬ háº¿t nÃ¨, Ä‘iá»‡n nÆ°á»›c Ä‘áº§y Ä‘á»§ nhÆ° Ngá»c Trinh...
ğŸ‘‰LiÃªn há»‡ xem phÃ²ng hoáº·c káº¿t báº¡n zalo em nhÃ©

ğŸ˜Apartment for rent on Ly Thuong Kiet street, super nice view, all beautiful, (beautiful as Ngoc Trinh)
Super soft rents for households and foreign guests
9 million / month in a long term with incentives, guys who need to contact me right away, no more nhÃ¬u base like this nÃ¨
Nice clean room, good security area, spacious parking yard, security camera, elevator, nothing missing, full electricity and water like Ngoc Trinh ...
ğŸ‘‰Contact to see the room or make friends zalo",55,1,2,"ÄÆ°á»ng LÃ½ ThÆ°á»ng Kiá»‡t, PhÆ°á»ng Tháº¡ch Thang, Quáº­n Háº£i ChÃ¢u, ÄÃ  Náºµng",2020-02-18
CÄƒn há»™ CÄƒn há»™ 3Dhouse 20mÂ² 1 PN,4000000,"Dá»± Ã¡n: CÄƒn há»™ 3Dhouse
ThÃ´ng tin chi tiáº¿t: Cho thuÃª phÃ²ng á»Ÿ kiá»ƒu cÄƒn há»™ Full ná»™i tháº¥t má»›i 100%.
- Äá»‹a chá»‰: 162 Phan TriÃªm (gáº§n cáº§u KhuÃª ÄÃ´ng, cÃ¢y xÄƒng Long BÃ¬nh, gáº§n sÃ¢n váº­n Ä‘á»™ng).
- CÄƒn 1 diá»‡n tÃ­ch 20m2: giÃ¡ thuÃª 4 triá»‡u/thÃ¡ng
- CÄƒn 2 diá»‡n tÃ­ch 24m2: giÃ¡ thuÃª 4,5 triá»‡u/thÃ¡ng
- CÄƒn 3 diá»‡n tÃ­ch 30m2: giÃ¡ thuÃª 5,5 triá»‡u/thÃ¡ng
ÄÃ¢y Ä‘á»§ tiá»‡n nghi, tiÃªu chuáº©n cá»§a 1 cÄƒn há»™ mini cao cáº¥p.
Quy mÃ´ 5 táº§ng, cÃ³ thang mÃ¡y, nhÃ  xe, nÆ°á»›c nÃ³ng láº¡nh, wifi, báº¿p náº¥u, ti vi, tá»§ lanh, giÆ°á»ng ná»‡m tiÃªu chuáº©n khÃ¡ch sáº¡n 5 sao. ***Thanh toÃ¡n: Cá»c 1 thÃ¡ng, thanh toÃ¡n tá»«ng thÃ¡ng. Thanh toÃ¡n 3 thÃ¡ng giáº£m 5%; thanh toÃ¡n 6 thÃ¡ng giáº£m 10%.",20,None,1,"162, ÄÆ°á»ng Phan TriÃªm, PhÆ°á»ng HÃ²a XuÃ¢n, Quáº­n Cáº©m Lá»‡, ÄÃ  Náºµng",2020-02-18
CÄƒn há»™ gáº§n tttp giÃ¡ ráº»,5000000,"Dá»± Ã¡n: Cho thuÃª cÄƒn há»™ lÃª minh trung
ThÃ´ng tin chi tiáº¿t: ğŸ¡ Studio xinh xáº¯n dá»… thÆ°Æ¡ng nhÆ° nÃ y khÃ¡ch cÃ³ thÃ­ch ko áº¡

ğŸ‘‰GiÃ¡ siÃªu má»m chá»‰ 5 triá»‡u/thÃ¡ng

CÃ³ ban cÃ´ng, view biá»ƒn

ğŸ–Ngay Ä‘Æ°á»ng LÃª Minh Trung thÃ´ng ra Pháº¡m VÄƒn Äá»“ng, gáº§n biá»ƒn, gáº§n khu phá»‘ HÃ n,...

Rá»™ng 30m2, cÄƒn há»™ má»›i full ná»™i tháº¥t y hÃ¬nh

(mÃ¡y giáº·c riÃªng)

NgoÃ i ra cÃ²n nhá»¯ng cÄƒn rá»™ng hÆ¡n giÃ¡ tá»« 6-8 triá»‡u/thÃ¡ng

KhÃ¡ch nÃ o chÆ°a tÃ¬m Ä‘Æ°á»£c tá»• áº¥m thÃ¬ cÆ°á»›i ngay em nÃ y Ä‘i áº¡

Nhá» nhá» xinh xinh áº¥m cÃºng giÃ¡ siÃªu má»m

LiÃªn há»‡ em xem phÃ²ng ngay nhÃ©

ğŸ¡ Cute studio like this do you like it

ğŸ‘‰Super soft price only 5 million / month

There is a balcony, sea view

ğŸ– Right on Le Minh Trung Street to Pham Van Dong, near the sea, near the Han Quarter, ...

30m2 wide, new apartment full furniture y

(separate washing machine)

There are also larger apartments priced from 6-8 million / month

Guests who have not found a home will marry me right away

Small, pretty, cozy, super soft price

Contact me to see the room now",30,1,1,"ÄÆ°á»ng LÃª Minh Trung, PhÆ°á»ng An Háº£i Báº¯c, Quáº­n SÆ¡n TrÃ , ÄÃ  Náºµng",2020-02-18
Cho thuÃª cÄƒn há»™ giÃ¡ ráº» tttp,5000000,"Dá»± Ã¡n: CÄƒn Há»™ LÃª Minh Trung.
ThÃ´ng tin chi tiáº¿t: ğŸ¡ Studio xinh xáº¯n dá»… thÆ°Æ¡ng nhÆ° nÃ y khÃ¡ch cÃ³ thÃ­ch ko áº¡
ğŸ‘‰GiÃ¡ siÃªu má»m chá»‰ 5 triá»‡u/thÃ¡ng
CÃ³ ban cÃ´ng, view biá»ƒn
ğŸ–Ngay Ä‘Æ°á»ng LÃª Minh Trung thÃ´ng ra Pháº¡m VÄƒn Äá»“ng, gáº§n biá»ƒn, gáº§n khu phá»‘ HÃ n,...
Rá»™ng 30m2, cÄƒn há»™ má»›i full ná»™i tháº¥t y hÃ¬nh
(mÃ¡y giáº·c riÃªng)
NgoÃ i ra cÃ²n nhá»¯ng cÄƒn rá»™ng hÆ¡n giÃ¡ tá»« 6-8 triá»‡u/thÃ¡ng
KhÃ¡ch nÃ o chÆ°a tÃ¬m Ä‘Æ°á»£c tá»• áº¥m thÃ¬ cÆ°á»›i ngay em nÃ y Ä‘i áº¡
Nhá» nhá» xinh xinh áº¥m cÃºng giÃ¡ siÃªu má»m
LiÃªn há»‡ em xem phÃ²ng ngay nhÃ©

ğŸ¡ Cute studio like this do you like it
ğŸ‘‰Super soft price only 5 million / month
There is a balcony, sea view
ğŸ– Right on Le Minh Trung Street to Pham Van Dong, near the sea, near the Han Quarter, ...
30m2 wide, new apartment full furniture y
(separate washing machine)
There are also larger apartments priced from 6-8 million / month
Guests who have not found a home will marry me right away
Small, pretty, cozy, super soft price
Contact me to see the room now",30,1,1,"ÄÆ°á»ng LÃª Minh Trung, PhÆ°á»ng An Háº£i Báº¯c, Quáº­n SÆ¡n TrÃ , ÄÃ  Náºµng",2020-02-18
CÄƒn há»™ CÄƒn há»™ 3Dhouse 20mÂ² 1 PN,,"Dá»± Ã¡n: CÄƒn há»™ 3Dhouse
ThÃ´ng tin chi tiáº¿t: Cho thuÃª phÃ²ng á»Ÿ kiá»ƒu cÄƒn há»™ Full ná»™i tháº¥t má»›i 100%.
- Äá»‹a chá»‰: 162 Phan TriÃªm (gáº§n cáº§u KhuÃª ÄÃ´ng, cÃ¢y xÄƒng Long BÃ¬nh, gáº§n sÃ¢n váº­n Ä‘á»™ng).
- CÄƒn 1 diá»‡n tÃ­ch 20m2: giÃ¡ thuÃª 4 triá»‡u/thÃ¡ng
- CÄƒn 2 diá»‡n tÃ­ch 24m2: giÃ¡ thuÃª 4,5 triá»‡u/thÃ¡ng
- CÄƒn 3 diá»‡n tÃ­ch 30m2: giÃ¡ thuÃª 5,5 triá»‡u/thÃ¡ng
ÄÃ¢y Ä‘á»§ tiá»‡n nghi, tiÃªu chuáº©n cá»§a 1 cÄƒn há»™ mini cao cáº¥p.
Quy mÃ´ 5 táº§ng, cÃ³ thang mÃ¡y, nhÃ  xe, nÆ°á»›c nÃ³ng láº¡nh, wifi, báº¿p náº¥u, ti vi, tá»§ lanh, giÆ°á»ng ná»‡m tiÃªu chuáº©n khÃ¡ch sáº¡n 5 sao. ***Thanh toÃ¡n: Cá»c 1 thÃ¡ng, thanh toÃ¡n tá»«ng thÃ¡ng. Thanh toÃ¡n 3 thÃ¡ng giáº£m 5%; thanh toÃ¡n 6 thÃ¡ng giáº£m 10%.",20,None,1,"162, ÄÆ°á»ng Phan TriÃªm, PhÆ°á»ng HÃ²a XuÃ¢n, Quáº­n Cáº©m Lá»‡, ÄÃ  Náºµng",2020-02-18
CÄƒn há»™ Quáº­n Háº£i ChÃ¢u 27mÂ² 1PN Ä‘á»§ tiá»‡n nghi,4000000,"ÄÃ³ng tiá»n 1 thÃ¡ng 1 láº§n, Ä‘áº·t cá»c 1 thÃ¡ng,
chá»‰ cÃ²n cÄƒn táº§ng 4, nhÃ  khÃ´ng cÃ³ thang mÃ¡y
hÃ¬nh áº£nh trÃªn lÃ  hÃ¬nh tháº­t cá»§a cÄƒn há»™

+ giao nhÃ  ngÃ y 5/6, hÃ¬nh áº£nh lÃ  áº£nh tháº­t cÄƒn há»™

+ tÃ²a nhÃ  chá»§ yáº¿u ngÆ°á»i Ä‘i lÃ m thuÃª, sá»‘ng vÄƒn minh, lá»‹ch sá»±, an ninh, yÃªn tÄ©nh

chÃ­nh chá»§ cho thuÃª cÄƒn há»™ mini, Ä‘áº§y Ä‘á»§ tiá»‡n nghi, Ä‘iá»u hÃ²a, mÃ¡y nÆ°á»›c nÃ³ng, mÃ¡y giáº·t riÃªng trong phÃ²ng, tá»§ láº¡nh inverter 271L, báº¿p tá»«, giÆ°á»ng, tá»§ quáº§n Ã¡o, tá»§ báº¿p, ká»‡ báº¿p ... thiáº¿t bá»‹ cao cáº¥p
+ phÃ²ng cáº£ gÃ¡c lá»­ng lÃ  27m2, rá»™ng rÃ£i
+ Ä‘iá»‡n 3k/chá»¯, nÆ°á»›c 10k/ chá»¯, wifi 50k/ ngÆ°á»i, Ä‘á»“ng há»“ riÃªng tá»«ng cÄƒn há»™
+ giÃ¡ trÃªn á»Ÿ 2 ngÆ°á»i, á»Ÿ thÃªm ngÆ°á»i phá»¥ phÃ­ 300k/ ngÆ°á»i, tá»‘i Ä‘a 4 ngÆ°á»i
+ giá» giáº¥c tá»± do, má»—i ngÆ°á»i 1 chÃ¬a khÃ³a cá»•ng riÃªng.
+ táº§ng háº§m 100m2 Ä‘á»ƒ xe rá»™ng rÃ£i
+ kiá»‡t 2.5m xe mÃ¡y quay Ä‘áº§u thoáº£i mÃ¡i, cÃ¡ch Ä‘áº§u Ä‘Æ°á»ng k313 nguyá»…n hoÃ ng 50m, hoáº·c Ä‘i kiá»‡t 149 lÃª Ä‘Ã¬nh lÃ½
cÃ³ hÃ³a Ä‘Æ¡n náº¿u cáº§n",27,1,1,"27, K313 Nguyá»…n HoÃ ng, PhÆ°á»ng BÃ¬nh Thuáº­n, Quáº­n Háº£i ChÃ¢u, ÄÃ  Náºµng",2020-02-12
Cho thuÃª cÄƒn há»™ giÃ¡ ráº» tttp,5000000,"Dá»± Ã¡n: CÄƒn Há»™ LÃª Minh Trung.
ThÃ´ng tin chi tiáº¿t: ğŸ¡ Studio xinh xáº¯n dá»… thÆ°Æ¡ng nhÆ° nÃ y khÃ¡ch cÃ³ thÃ­ch ko áº¡
ğŸ‘‰GiÃ¡ siÃªu má»m chá»‰ 5 triá»‡u/thÃ¡ng
CÃ³ ban cÃ´ng, view biá»ƒn
ğŸ–Ngay Ä‘Æ°á»ng LÃª Minh Trung thÃ´ng ra Pháº¡m VÄƒn Äá»“ng, gáº§n biá»ƒn, gáº§n khu phá»‘ HÃ n,...
Rá»™ng 30m2, cÄƒn há»™ má»›i full ná»™i tháº¥t y hÃ¬nh
(mÃ¡y giáº·c riÃªng)
NgoÃ i ra cÃ²n nhá»¯ng cÄƒn rá»™ng hÆ¡n giÃ¡ tá»« 6-8 triá»‡u/thÃ¡ng
KhÃ¡ch nÃ o chÆ°a tÃ¬m Ä‘Æ°á»£c tá»• áº¥m thÃ¬ cÆ°á»›i ngay em nÃ y Ä‘i áº¡
Nhá» nhá» xinh xinh áº¥m cÃºng giÃ¡ siÃªu má»m
LiÃªn há»‡ em xem phÃ²ng ngay nhÃ©

ğŸ¡ Cute studio like this do you like it
ğŸ‘‰Super soft price only 5 million / month
There is a balcony, sea view
ğŸ– Right on Le Minh Trung Street to Pham Van Dong, near the sea, near the Han Quarter, ...
30m2 wide, new apartment full furniture y
(separate washing machine)
There are also larger apartments priced from 6-8 million / month
Guests who have not found a home will marry me right away
Small, pretty, cozy, super soft price
Contact me to see the room now",30,1,1,"ÄÆ°á»ng LÃª Minh Trung, PhÆ°á»ng An Háº£i Báº¯c, Quáº­n SÆ¡n TrÃ , ÄÃ  Náºµng",2020-02-18
CÄƒn há»™ Quáº­n SÆ¡n TrÃ  60mÂ² 1 PN,7000000,"Dá»± Ã¡n: cÄƒn há»™ cao cáº¥p
ThÃ´ng tin chi tiáº¿t: CHO THUÃŠ CÄ‚N Há»˜ CAO Cáº¤P - SÆ N TRÃ€- TP ÄÃ€ Náº´NG
*** Cho thuÃª theo ngÃ y, theo tuáº§n, theo thÃ¡ng
ğŸ‘‰ğŸ» LiÃªn há»‡
â¤ï¸ CÄƒn há»™ náº±m ngay trÃªn tuyáº¿n Ä‘Æ°á»ng cáº§u tÃ¬nh yÃªu, cáº§u quay - sÃ´ng HÃ n, gáº§n Vincom, chá»£ vÃ  biá»ƒn
â¤ï¸ Khu vá»±c thi phÃ¡o hoa Quá»‘c Táº¿ , ngay khÃ¡n Ä‘Ã i A Ä‘á»‘i diá»‡n â˜ºï¸â˜ºï¸
â¤ï¸ CÄƒn há»™ Ä‘Æ°á»£c trang bá»‹ Ä‘áº§y Ä‘á»§ trang thiáº¿t bá»‹ ná»™i tháº¥t ( mÃ¡y láº¡nh, tivi, tá»§ láº¡nh, mÃ¡y giáº·t, báº¿p, full Ä‘á»“ cho 1 gia Ä‘Ã¬nh ) Ä‘Ã¡p á»©ng Ä‘Æ°á»£c nhu cáº§u hiá»‡n Ä‘áº¡i , tiá»‡n lá»£i cho cáº£ gÄ‘ thuÃª mÃ  muá»‘n tá»± náº¥u Äƒn táº¡i nhÃ  âœŒï¸
â¤ï¸CÃ³ khu vá»±c Ä‘á»ƒ xe Ã´t, xe mÃ¡y tiá»‡n lá»£i , há»‡ thá»‘ng chá»¯a chÃ¡y an toÃ n báº£o vá»‡ 24/24
â¤ï¸CÄƒn há»™ sáº½ lÃ  nÆ¡i Ä‘Ã¡p á»©ng nhu cáº§u cho nhá»¯ng ai Ä‘ang cÃ³ Ã½ Ä‘á»‹nh du lá»‹ch , cÃ´ng tÃ¡c, á»Ÿ TP biá»ƒn ÄÃ  Náºµng xinh Ä‘áº¹p nÃ yyyy ğŸ˜ğŸ˜ . Xung quanh lÃ  cÃ¡c quÃ¡n Äƒn hÃ n, nÆ°á»›ng, nháº­t, siÃªu thá»‹, chá»£, nhÃ  hÃ ng caffe ,pub...
ğŸ‘‰ğŸ» VÃ¬ tháº¿ ai cÃ³ Ã½ Ä‘á»‹nh du lá»‹ch ÄÃ  Náºµng thá»i gian tá»›i liÃªn há»‡ vá»›i mÃ¬nh nhÃ© ğŸ’“ğŸ’“ğŸ’“",60,1,1,"193, ÄÆ°á»ng Tráº§n HÆ°ng Äáº¡o, PhÆ°á»ng An Háº£i Báº¯c, Quáº­n SÆ¡n TrÃ , ÄÃ  Náºµng",2020-02-18
CÄƒn há»™ XuÃ¢n Diá»‡u giáº£m giÃ¡ báº¥t cháº¥p Ä‘áº¿n háº¿t 14/3,5000000,"Cho thuÃª cÄƒn há»™ 187-189 xuÃ¢n diá»‡u háº£i chÃ¢u gáº§n cáº§u thuáº­n phÆ°á»›c. phÃ¹ há»£p cáº£ khÃ¡ch tÃ¢y vÃ  khÃ¡ch ta.

CÃ³ thang mÃ¡y, thang bá»™, view Ä‘áº¹p, wifi miá»…n phÃ­....
cho á»Ÿ ngáº¯n háº¡n vÃ  dÃ i háº¡n tÃ¹y khÃ¡ch.

giÃ¡ tá»« 5tr -6tr full ná»™i tháº¥t cao cáº¥p

Äáº·c biá»‡t giáº£m Ä‘áº¿n 20% giÃ¡ phÃ²ng Ä‘áº¿n háº¿t 14/3

Diá»‡n tÃ­ch: 35m2",30,1,1,"ÄÆ°á»ng XuÃ¢n Diá»‡u, PhÆ°á»ng Thuáº­n PhÆ°á»›c, Quáº­n Háº£i ChÃ¢u, ÄÃ  Náºµng",2020-02-18
CÄƒn há»™ Quáº­n SÆ¡n TrÃ  30mÂ² giÃ¡ ráº» máº·t tiá»n loseby,4000000,"ğŸ’¥Cho thuÃª cÄƒn há»™ máº·t tiá»n Ä‘Æ°á»ng loseby
Dt:30m2
CÃ³ Ä‘áº§y Ä‘á»§ tiá»‡n nghi : Ä‘iá»u hoÃ  , nÃ³ng láº¡nh ,giÆ°á»ng ná»‡m , tá»§ quáº§n Ã¡o...
Vá»‹ trÃ­ vÃ´ cÃ¹ng thuáº­n tiá»‡n:
CÃ¡ch : biá»ƒn pháº¡m vÄƒn Ä‘á»“ng: 100m
CÃ¡ch siÃªu thá»‹ vincom: 1 km
Äá»‘i diá»‡n lÃ  siÃªu thá»‹ mini mart
Äi qua tttp cÃ¡ch 1 km
ğŸ‘‰CÃ¡ch sÃ¢n bay ÄN:2 km
ğŸ’¥GiÃ¡ bÃ¬nh dÃ¢n",30,1,1,"ÄÆ°á»ng Loseby||19866, PhÆ°á»ng An Háº£i Báº¯c, Quáº­n SÆ¡n TrÃ , ÄÃ  Náºµng",2020-02-18
"CÄƒn há»™ cho thuÃª giÃ¡ ráº» - Æ¯u tiÃªn á»Ÿ lÃ¢u dÃ i, -15%",3250000,"Khuyáº¿n mÃ£i cá»±c sá»‘c Ä‘áº§u nÄƒm Canh TÃ½, giÃ¡ chÆ°a Ä‘áº¿n 03 triá»‡u/ thÃ¡ng. CÄƒn há»™ Cao Cáº¥p HÆ°Æ¡ng Long Giáº£m ngay 15% cho khÃ¡ch há»£p Ä‘á»“ng tráº£ 1 láº§n 12 thÃ¡ng. vÃ  10% cho khÃ¡ch há»£p Ä‘á»“ng tráº£ 1 láº§n 06 thÃ¡ng. CÄ‚N Há»˜ CAO Cáº¤P ngay trung tÃ¢m thÃ nh phá»‘ ÄÃ  Náºµng Ä‘Ã¡ng sá»‘ng.

Chá»‰ xÃ¡ch vali Ä‘áº¿n vÃ  á»Ÿ, cÄƒn há»™ full ná»™i tháº¥t cao cáº¥p, nhiá»u tiá»‡n Ã­ch xung quanh,
- Vá»‹ trÃ­ CÄƒn há»™ tuyá»‡t Ä‘áº¹p, Ä‘Æ°á»ng 10,5 m, Ã” tÃ´ Ä‘áº­u Ä‘á»• thuáº­n lá»£i,
- Ngay khu an ninh, an toÃ n tuyá»‡t Ä‘á»‘i.
- Gáº§n cáº§u vÆ°á»£t NgÃ£ Ba Huáº¿.
- Báº£o vá»‡ cÄƒn há»™ 24/24, nhÃ¢n viÃªn dá»n dáº¹p, nhÃ  Ä‘á»ƒ xe rá»™ng rÃ£i, camera an ninh quan sÃ¡t, Ä‘iá»u hÃ²a, mÃ¡y giáº·t, nÃ³ng láº¡nh, báº¿p náº¥u táº¡i chá»• - Táº­n hÆ°á»Ÿng cuá»™c sá»‘ng yÃªn tÄ©nh, ná»™i tháº¥t sang trá»ng, sáº¡ch sáº½., cÃ³ phÃ²ng phÆ¡i Ä‘á»“ riÃªng cho tá»«ng phÃ²ng.
- Khu an ninh tá»‘t (gáº§n cÃ´ng an PhÆ°á»ng) dÃ¢n trÃ­ cao.
- NÆ¡i á»Ÿ gáº§n chá»£, gáº§n trÆ°á»ng há»c, giao thÃ´ng thuáº­n tiá»‡n gáº§n báº¿n xe trung tÃ¢m, sÃ¢n bay, truong cáº¥p 1,2,3, Ä‘áº¡i há»c, khu thÆ°Æ¡ng máº¡i, Äƒn uá»‘ng lÃ¢n cáº­n cá»±c ráº».
- NÆ¡i tuyá»‡t vá»i Ä‘á»ƒ báº¡n an cÆ° láº­p nghiá»‡p (nháº¥t lÃ  cÃ¡c cáº·p vá»£ chá»“ng má»›i cÆ°á»›i, nhÃ¢n viÃªn vÄƒn phÃ²ng...)
- GIÃ Gá»C chá»‰ vá»›i 3,25 triá»‡u/ thÃ¡ng.
ğŸ—ï¸ Hiá»‡n chá»‰ cÃ²n 4 cÄƒn, Gá»i ngay Ä‘á»ƒ Ä‘áº·t chá»— nha cÃ¡c báº¡n.(cÄƒn loáº¡i D 23,5 m2, vÃ  loáº¡i B 35,5 m2).
P/S: Æ¯u tiÃªn ngÆ°á»i gá»i Ä‘iá»‡n, vÃ¬ anh chá»§ Ã­t online nha cÃ¡c báº¡n.

LiÃªn há»‡:
ğŸ  LÃ´ 365-366 ÄÃ m VÄƒn Lá»…, Q. LiÃªn Chiá»ƒu, TP. ÄÃ  Náºµng
â˜ï¸ Hotline: - chá»§ cÄƒn há»™",35,1,1,"366, ÄÆ°á»ng ÄÃ m VÄƒn Lá»…, PhÆ°á»ng HÃ²a Minh, Quáº­n LiÃªn Chiá»ƒu, ÄÃ  Náºµng",2020-02-18
Cho thuÃª cÄƒn há»™ mini cao cáº¥p HoÃ  XuÃ¢n giÃ¡ ráº»,9000000,"Dá»± Ã¡n: Khu Ä‘Ã´ thá»‹ sinh thÃ¡i HoÃ  XuÃ¢n.
ThÃ´ng tin chi tiáº¿t: Cho thuÃª cÄƒn há»™ cao cáº¥p HÃ²a XuÃ¢n giÃ¡ ráº» báº¥t ngá».
Vá»‹ trÃ­ cá»±c ká»³ Ä‘áº¯c Ä‘á»‹a thuáº­n lá»£i, máº·t tiá»n Ä‘Æ°á»ng Nguyá»…n PhÆ°á»›c Lan, bao quanh nhiá»u cÃ´ng trÃ¬nh tiá»‡n Ã­ch, khu vui chÆ¡i giáº£i trÃ­, cÃ´ng viÃªn trÆ°á»ng há»c, nhÆ° cÃ¡ch siÃªu thá»‹ mua sáº¯m Metro táº±m 300m, cÃ´ng viÃªn ChÃ¢u Ã, cung vÄƒn hoÃ¡ thá»ƒ thao TuyÃªn SÆ¡n, Herio Senter khoáº£ng 600m, cÃ¡ch biá»ƒn táº§m 3,5km, cÃ¡ch trung tÃ¢m phá»‘ 4km vÃ  sÃ¢n bay Quá»‘c táº¿ ÄÃ  Náºµng 6km. Váº­y Ä‘Ã¢y thá»±c sá»± lÃ  vá»‹ trÃ­ lÃ½ tÆ°á»Ÿng cho quÃ½ khÃ¡ch cÃ³ nhu cáº§u thuÃª Ä‘á»ƒ á»Ÿ táº¡m thá»i trong lÃºc mÃ¬nh chÆ°a Ä‘á»§ Ä‘iá»u kiá»‡n lÃ m nhÃ  hay Ä‘i cÃ´ng tÃ¡c dÃ i háº¡n.
- CÄƒn há»™ Ä‘Æ°á»£c thiáº¿t káº¿ theo kiá»ƒu hiá»‡n Ä‘áº¡i thoÃ¡ng mÃ¡t view cá»±c ká»³ Ä‘áº¹p, cÃ³ khu giáº·t, sáº¥y dÃ nh riÃªng.
- CÃ³ 2 loáº¡i cho quÃ½ khÃ¡ch lá»±a chá»n:
+ CÄƒn má»™t phÃ²ng ngá»§ diá»‡n tÃ­ch rá»™ng hÆ¡n 60m2 Ä‘áº§y Ä‘á»§ tiá»‡n nghi vÃ  ná»™i tháº¥t.
* GiÃ¡: 9 triá»‡u/ thÃ¡ng.
+ CÄƒn hai phÃ²ng ngá»§ diá»‡n tÃ­ch rá»™ng hÆ¡n 75 m2 Ä‘áº§y Ä‘á»§ tiá»‡n nghi vÃ  ná»™i tháº¥t.
* GiÃ¡: 12 triá»‡u/ thÃ¡ng.
- Tiá»‡n nghi vÃ  ná»™i tháº¥t gá»“m:
* MÃ¡y Ä‘iá»u hÃ²a, nÃ³ng láº¡nh cao cáº¥p.
* Tá»§ Ã¡o quáº§n, giÆ°á»ng, ká»‡, bÃ n trang Ä‘iá»ƒm.
* PhÃ²ng nÃ o cÅ©ng cÃ³ cá»­a sá»• thoÃ¡ng mÃ¡t.
* Táº¥t cáº£ ná»™i tháº¥t má»›i 100%.
* PhÃ²ng khÃ¡ch, báº¿p Ä‘áº§y Ä‘á»§ tiá»‡n nghi.
* Khu vá»±c báº¿p thiáº¿t bá»‹ cao cáº¥p.
Váº­y quÃ½ khÃ¡ch nÃ o cÃ³ nhu cáº§u xin liÃªn há»‡:
Mr Thiá»‡n Holine:",55,None,2,"AA, ÄÆ°á»ng Nguyá»…n PhÆ°á»›c Lan, PhÆ°á»ng HÃ²a XuÃ¢n, Quáº­n Cáº©m Lá»‡, ÄÃ  Náºµng",2020-02-18
TÃ²a cÄƒn há»™ giÃ¡ hli táº¡i biÃªn zalo Ä‘Æ°á»£c tÆ° váº¥n,65000000,"Click xemNcc
TÃ²a cÄƒn há»™ khu khuÃª má»¹
Dtsd 500m
Gá»“m 8 cÄƒn 2pn
Dtich má»—i phÃ²ng 45m
GiÃ¡ thuÃª 65tr( thiá»‡n chÃ­ Ã©p giÃ¡)

- cÃ³ thÃ´ng tin nhÃ  # trÃªn hÃ¬nh áº£nh, click vÃ o Ä‘á»ƒ xem
- add zalo 0868/235/393biáº¿t thÃªm chi tiáº¿t vÃ  tÃ¬m nhÃ  miá»…n phÃ­ theo yÃªu cáº§u",200,None,10,"Cáº·n há»™ táº¡i biá»ƒn, PhÆ°á»ng An Háº£i Báº¯c, Quáº­n SÆ¡n TrÃ , ÄÃ  Náºµng",2020-02-18
SiÃªu pháº©m cÄƒn há»™ máº·t tiá»n TTTP,8000000,"Dá»± Ã¡n: CÄƒn há»™ TTTP.
ThÃ´ng tin chi tiáº¿t: ğŸ’¥SiÃªu pháº©m cÄƒn há»™ ngay MT LÃ½ Tá»± Trá»ng
ğŸ’¥BÃ n giao full ná»™i tháº¥t
ğŸ’¥Ngay TTTP. Dá»… dÃ ng káº¿t ná»‘i cÃ¡c tiá»‡n Ã­ch xung quanh
ğŸ’¥30-50m2 ( 1 PN )
ğŸ’¥Chá»‰ tá»« 8tr/ thÃ¡ng ( kÃ­ hÄ‘ 6 thÃ¡ng trá»Ÿ lÃªn)",30,None,1,"ÄÆ°á»ng LÃ½ Tá»± Trá»ng, PhÆ°á»ng Háº£i ChÃ¢u I, Quáº­n Háº£i ChÃ¢u, ÄÃ  Náºµng",2020-02-18
"CÄƒn há»™ Thanh Long, quáº­n Háº£i ChÃ¢u, TP ÄÃ  Náºµng",3900000,"Dá»± Ã¡n: CÄƒn há»™ quáº­n Háº£i ChÃ¢u, TP ÄÃ  Náºµng.
ThÃ´ng tin chi tiáº¿t: Cho thuÃª cÄƒn há»™ Ä‘Æ°á»ng Thanh Long, quáº­n Háº£i ChÃ¢u, TP ÄÃ  Náºµng
Vá»‹ trÃ­:
- Náº±m á»Ÿ trung tÃ¢m ThÃ nh phá»‘, táº¡i khu dÃ¢n trÃ­ cao, an ninh Ä‘Æ°á»£c Ä‘áº£m báº£o
- Gáº§n bá»‡nh viá»‡n, trÆ°á»ng há»c, siÃªu thá»‹,...
- Káº¿t ná»‘i Ä‘áº¿n cÃ¡c Ä‘iá»ƒm du lá»‹ch toÃ n thÃ nh phá»‘
- CÃ¡ch biá»ƒn Nguyá»…n Táº¥t ThÃ nh chá»‰ 200m
Tiá»‡n Ã­ch:
- Há»“ bÆ¡i táº§ng thÆ°á»£ng
- Bar táº§ng thÆ°á»£ng
- Táº§ng háº§m Ä‘á»ƒ xe
- Thang mÃ¡y
- An ninh 24/24h
- Quáº§y lá»… tÃ¢n
Thanh toÃ¡n:
- Tráº£ gÃ³p khÃ´ng lÃ£i suáº¥t, má»—i thÃ¡ng chá»‰ 10%
- GiÃ¡ chá»‰ tá»« 295tr/cÄƒn full ná»™i tháº¥t",35,None,1,"44, ÄÆ°á»ng Thanh Long, PhÆ°á»ng Thanh BÃ¬nh, Quáº­n Háº£i ChÃ¢u, ÄÃ  Náºµng",2020-02-18
"cÄƒn há»™ 25-70m2 Ä‘Æ°á»ng phan chÃ¢u trinh,TP Ä‘Ã  náºµng.",5000000,"Dá»± Ã¡n: cho thuÃª cÄƒn há»™ Ä‘Æ°á»ng phan chÃ¢u trinh.
ThÃ´ng tin chi tiáº¿t: -Cho ThuÃª CÄƒn Há»™ ÄÆ°á»ng Phan ChÃ¢u Trinh trung tÃ¢m ThÃ nh phá»‘ cÃ¡ch cáº§u rá»“ng 300 m .
-ÄÆ°á»£c Thiáº¿t káº¿ Sang trá»ng theo phong cÃ¡ch hiá»‡n Ä‘áº¡i thoÃ¡ng mÃ¡t . Äáº¡t chuáº©n cÃ¢n há»™ Ä‘á»ƒ váº­n hÃ nh . Ná»™i tháº¥t má»›i 100% .
-ThÃ´ng tin CÃ¢n Há»™ Gá»“m :
+Loáº¡i 70 m2 Studio :full ná»™i tháº¥t luxury vÃ  ná»™i tháº¥t vÃ­p

+Loáº¡i 40 m2 studio : 3 cÄƒn full ná»™i tháº¥t vip .

+Loáº¡i 40 m2 studio : 3 cÄƒn giÃ¡ full ná»™i thÃ¢t vÃ­p .

+Loáº¡i 30 m2 studio : 3 cÄƒn giÃ¡ full ná»™i tháº¥t vip .

+Loáº¡i 25 m2 studio : 5 cÄƒn full ná»™i tháº¥t vip .",70,None,1,"ÄÆ°á»ng Phan ChÃ¢u Trinh, PhÆ°á»ng Nam DÆ°Æ¡ng, Quáº­n Háº£i ChÃ¢u, ÄÃ  Náºµng",2020-02-18
"Cho thuÃª cÄƒn há»™ HIYORI - táº§ng 20 view Ä‘áº¹p, giÃ¡ tá»‘t",19000000,"Cáº§n cho thuÃª cÄƒn há»™ cao cáº¥p tiÃªu chuáº©n Nháº­t Báº£n - HIYORI GARDEN TOWER, ÄÃ€ Náº´NG.
- Äá»‹a chá»‰: náº±m trong tÃ²a cÄƒn há»™ 28 táº§ng Ä‘Æ°á»ng VÃµ VÄƒn Kiá»‡t, gáº§n cáº§u Rá»“ng, gáº§n biá»ƒn, giao thÃ´ng Ä‘i láº¡i cá»±c ká»³ thuáº­n tiá»‡n.
- CÄƒn há»™ thiáº¿t káº¿ gá»“m: 2 phÃ²ng ngá»§, 1 phÃ²ng khÃ¡ch, 1 phÃ²ng báº¿p, 2 toilet, ban cÃ´ng.
- Diá»‡n tÃ­ch: 61m2
- View hÆ°á»›ng Nam cá»±c ká»³ Ä‘áº¹p vÃ  thoÃ¡ng mÃ¡t.
- Äáº§y Ä‘á»§ ná»™i tháº¥t, chá»‰ viá»‡c Ä‘em Ã¡o quáº§n vÃ o á»Ÿ thÃ´i áº¡.
- GiÃ¡ cho thuÃª: 850 USD/thÃ¡ng
Vui lÃ²ng liÃªn há»‡ SÄT kÃ¨m theo",61,None,2,"ÄÆ°á»ng VÃµ VÄƒn Kiá»‡t, PhÆ°á»ng An Háº£i Báº¯c, Quáº­n SÆ¡n TrÃ , ÄÃ  Náºµng",2020-02-18
CÄƒn há»™ full ná»™i tháº¥t cá»±c xinh LÃª Minh Trung 5tr,5000000,"ğŸ‰ Studio xinh xáº¯n dá»… thÆ°Æ¡ng nhÆ° nÃ y khÃ¡ch cÃ³ thÃ­ch ko áº¡?
GiÃ¡ siÃªu má»m chá»‰ 5 triá»‡u/thÃ¡ng
CÃ³ ban cÃ´ng, view biá»ƒn
Ngay Ä‘Æ°á»ng LÃª Minh Trung thÃ´ng ra Pháº¡m VÄƒn Äá»“ng, gáº§n biá»ƒn, gáº§n khu phá»‘ HÃ n,...
Rá»™ng 30m2, cÄƒn há»™ má»›i full ná»™i tháº¥t y hÃ¬nh
(mÃ¡y giáº·c riÃªng)
NgoÃ i ra cÃ²n nhá»¯ng cÄƒn rá»™ng hÆ¡n giÃ¡ tá»« 6-8 triá»‡u/thÃ¡ng
KhÃ¡ch nÃ o chÆ°a tÃ¬m Ä‘Æ°á»£c tá»• áº¥m thÃ¬ cÆ°á»›i ngay em nÃ y Ä‘i áº¡
Nhá» nhá» xinh xinh áº¥m cÃºng giÃ¡ siÃªu má»m
LH em xem phÃ²ng ngay nhÃ©",45,1,1,"ÄÆ°á»ng LÃª Minh Trung, PhÆ°á»ng An Háº£i Báº¯c, Quáº­n SÆ¡n TrÃ , ÄÃ  Náºµng",2020-02-18
